UF_CAMPUS_AJ,MUNICIPIO_CAMPUS_AJ,NOME_CURSO_AJ_2,abaixo_550_abaixo_650,acima_550_abaixo_650,acima_550_acima_650
ACRE,CRUZEIRO DO SUL,biologia,379,151,14
ACRE,CRUZEIRO DO SUL,linguaportuguesa,523,212,28
ACRE,CRUZEIRO DO SUL,pedagogia,328,112,9
ACRE,RIO BRANCO,biologia,233,145,35
ACRE,RIO BRANCO,educacaofisica,840,341,56
ACRE,RIO BRANCO,fisica,147,71,15
ACRE,RIO BRANCO,geografia,276,175,14
ACRE,RIO BRANCO,historia,478,281,69
ACRE,RIO BRANCO,linguaportuguesa,546,373,81
ACRE,RIO BRANCO,matematica,102,67,31
ACRE,RIO BRANCO,pedagogia,362,167,33
ACRE,RIO BRANCO,quimica,107,70,14
ACRE,RIO BRANCO,sociologia,262,123,29
ALAGOAS,ARAPIRACA,biologia,505,234,30
ALAGOAS,ARAPIRACA,educacaofisica,442,170,36
ALAGOAS,ARAPIRACA,fisica,121,51,7
ALAGOAS,ARAPIRACA,geografia,235,70,1
ALAGOAS,ARAPIRACA,historia,165,162,23
ALAGOAS,ARAPIRACA,linguaportuguesa,444,288,36
ALAGOAS,ARAPIRACA,matematica,219,151,18
ALAGOAS,ARAPIRACA,pedagogia,704,249,15
ALAGOAS,ARAPIRACA,quimica,295,74,8
ALAGOAS,DELMIRO GOUVEIA,geografia,172,47,4
ALAGOAS,DELMIRO GOUVEIA,historia,182,95,7
ALAGOAS,DELMIRO GOUVEIA,linguaportuguesa,143,82,3
ALAGOAS,DELMIRO GOUVEIA,pedagogia,273,88,4
ALAGOAS,MACEIO,biologia,582,391,36
ALAGOAS,MACEIO,educacaofisica,1019,448,18
ALAGOAS,MACEIO,filosofia,177,73,4
ALAGOAS,MACEIO,fisica,184,90,11
ALAGOAS,MACEIO,geografia,444,123,3
ALAGOAS,MACEIO,historia,292,214,15
ALAGOAS,MACEIO,linguaportuguesa,585,332,36
ALAGOAS,MACEIO,matematica,262,207,22
ALAGOAS,MACEIO,pedagogia,1173,408,3
ALAGOAS,MACEIO,quimica,352,147,3
ALAGOAS,MACEIO,sociologia,260,100,12
ALAGOAS,PALMEIRA DOS INDIOS,biologia,208,22,2
ALAGOAS,PALMEIRA DOS INDIOS,geografia,173,9,
ALAGOAS,PALMEIRA DOS INDIOS,historia,111,69,2
ALAGOAS,PALMEIRA DOS INDIOS,linguaportuguesa,108,65,4
ALAGOAS,PALMEIRA DOS INDIOS,matematica,98,34,
ALAGOAS,PALMEIRA DOS INDIOS,pedagogia,150,76,
ALAGOAS,PALMEIRA DOS INDIOS,quimica,137,4,
ALAGOAS,PENEDO,biologia,133,51,1
ALAGOAS,PIRANHAS,fisica,61,10,2
ALAGOAS,PIRANHAS,matematica,69,14,3
ALAGOAS,SANTANA DO IPANEMA,biologia,141,24,1
ALAGOAS,SANTANA DO IPANEMA,pedagogia,129,88,6
ALAGOAS,SAO MIGUEL DOS CAMPOS,linguaportuguesa,98,26,1
ALAGOAS,UNIAO DOS PALMARES,geografia,119,5,
ALAGOAS,UNIAO DOS PALMARES,linguaportuguesa,112,26,
AMAPA,LARANJAL DO JARI,biologia,145,14,
AMAPA,MACAPA,artes,43,58,35
AMAPA,MACAPA,biologia,61,84,99
AMAPA,MACAPA,educacaofisica,111,107,85
AMAPA,MACAPA,fisica,292,70,33
AMAPA,MACAPA,geografia,56,75,48
AMAPA,MACAPA,historia,107,86,68
AMAPA,MACAPA,linguaportuguesa,675,215,96
AMAPA,MACAPA,matematica,219,67,1
AMAPA,MACAPA,pedagogia,105,102,53
AMAPA,MACAPA,quimica,22,44,39
AMAPA,MACAPA,sociologia,56,71,47
AMAPA,SANTANA,filosofia,39,30,24
AMAPA,SANTANA,linguaportuguesa,52,42,26
AMAPA,SANTANA,pedagogia,57,43,36
AMAZONAS,BENJAMIN CONSTANT,biologia,19,11,7
AMAZONAS,BENJAMIN CONSTANT,linguaportuguesa,26,13,3
AMAZONAS,BENJAMIN CONSTANT,pedagogia,57,19,12
AMAZONAS,COARI,biologia,42,36,13
AMAZONAS,HUMAITA,biologia,8,15,2
AMAZONAS,HUMAITA,linguaportuguesa,20,19,6
AMAZONAS,HUMAITA,pedagogia,29,20,6
AMAZONAS,ITACOATIARA,biologia,34,25,14
AMAZONAS,MANAUS,artes,68,98,80
AMAZONAS,MANAUS,biologia,131,159,153
AMAZONAS,MANAUS,educacaofisica,316,223,121
AMAZONAS,MANAUS,filosofia,63,76,45
AMAZONAS,MANAUS,fisica,499,169,105
AMAZONAS,MANAUS,geografia,107,137,83
AMAZONAS,MANAUS,historia,144,185,149
AMAZONAS,MANAUS,linguaportuguesa,268,330,261
AMAZONAS,MANAUS,matematica,94,124,85
AMAZONAS,MANAUS,pedagogia,418,305,219
AMAZONAS,MANAUS,quimica,90,101,95
AMAZONAS,MANAUS,sociologia,50,60,44
AMAZONAS,PARINTINS,artes,37,16,12
AMAZONAS,PARINTINS,educacaofisica,102,51,20
AMAZONAS,PARINTINS,pedagogia,116,53,24
BAHIA,ALAGOINHAS,biologia,137,47,6
BAHIA,ALAGOINHAS,educacaofisica,175,46,1
BAHIA,ALAGOINHAS,historia,87,52,6
BAHIA,ALAGOINHAS,linguaportuguesa,141,72,8
BAHIA,ALAGOINHAS,matematica,39,28,3
BAHIA,AMARGOSA,filosofia,172,20,1
BAHIA,AMARGOSA,fisica,83,15,1
BAHIA,AMARGOSA,linguaportuguesa,159,23,1
BAHIA,AMARGOSA,matematica,65,31,2
BAHIA,AMARGOSA,pedagogia,366,74,2
BAHIA,AMARGOSA,quimica,67,21,4
BAHIA,BARREIRAS,biologia,174,166,16
BAHIA,BARREIRAS,fisica,32,25,1
BAHIA,BARREIRAS,geografia,61,43,1
BAHIA,BARREIRAS,historia,88,86,8
BAHIA,BARREIRAS,linguaportuguesa,32,41,5
BAHIA,BARREIRAS,matematica,131,93,12
BAHIA,BARREIRAS,pedagogia,246,92,1
BAHIA,BARREIRAS,quimica,55,25,3
BAHIA,BOM JESUS DA LAPA,pedagogia,120,45,3
BAHIA,BRUMADO,linguaportuguesa,49,43,4
BAHIA,CACHOEIRA,artes,95,84,1
BAHIA,CACHOEIRA,sociologia,101,43,1
BAHIA,CAETITE,biologia,71,62,4
BAHIA,CAETITE,geografia,64,39,1
BAHIA,CAETITE,historia,78,60,4
BAHIA,CAETITE,linguaportuguesa,61,46,9
BAHIA,CAETITE,matematica,24,34,8
BAHIA,CATU,quimica,52,19,3
BAHIA,CONCEICAO DO COITE,linguaportuguesa,96,51,4
BAHIA,CRUZ DAS ALMAS,biologia,367,281,24
BAHIA,CRUZ DAS ALMAS,fisica,15,12,
BAHIA,CRUZ DAS ALMAS,matematica,22,18,1
BAHIA,EUNAPOLIS,historia,48,22,1
BAHIA,EUNAPOLIS,linguaportuguesa,28,25,1
BAHIA,EUNAPOLIS,matematica,47,13,1
BAHIA,FEIRA DE SANTANA,biologia,39,168,24
BAHIA,FEIRA DE SANTANA,educacaofisica,702,216,7
BAHIA,FEIRA DE SANTANA,filosofia,96,101,10
BAHIA,FEIRA DE SANTANA,fisica,86,74,15
BAHIA,FEIRA DE SANTANA,geografia,90,133,
BAHIA,FEIRA DE SANTANA,historia,97,167,25
BAHIA,FEIRA DE SANTANA,linguaportuguesa,462,309,39
BAHIA,FEIRA DE SANTANA,matematica,82,90,22
BAHIA,FEIRA DE SANTANA,pedagogia,606,216,10
BAHIA,FEIRA DE SANTANA,quimica,131,77,5
BAHIA,GUANAMBI,biologia,122,69,2
BAHIA,GUANAMBI,educacaofisica,181,66,3
BAHIA,GUANAMBI,pedagogia,281,147,7
BAHIA,GUANAMBI,quimica,75,34,3
BAHIA,ILHEUS,biologia,134,211,33
BAHIA,ILHEUS,educacaofisica,322,154,11
BAHIA,ILHEUS,filosofia,26,52,2
BAHIA,ILHEUS,fisica,128,67,8
BAHIA,ILHEUS,geografia,277,101,2
BAHIA,ILHEUS,historia,209,223,21
BAHIA,ILHEUS,linguaportuguesa,142,203,19
BAHIA,ILHEUS,matematica,123,85,13
BAHIA,ILHEUS,pedagogia,293,217,4
BAHIA,ILHEUS,quimica,104,50,6
BAHIA,ILHEUS,sociologia,125,72,2
BAHIA,IPIAU,linguaportuguesa,91,50,1
BAHIA,IRECE,linguaportuguesa,59,39,1
BAHIA,IRECE,pedagogia,176,64,2
BAHIA,ITABERABA,linguaportuguesa,77,35,1
BAHIA,ITABERABA,pedagogia,115,39,1
BAHIA,ITABUNA,artes,50,4,
BAHIA,ITABUNA,sociologia,41,24,
BAHIA,ITAPETINGA,fisica,19,8,1
BAHIA,ITAPETINGA,quimica,45,11,
BAHIA,JACOBINA,educacaofisica,146,32,
BAHIA,JACOBINA,geografia,52,27,3
BAHIA,JACOBINA,historia,106,48,6
BAHIA,JACOBINA,linguaportuguesa,106,64,5
BAHIA,JEQUIE,educacaofisica,378,204,10
BAHIA,JEQUIE,quimica,163,102,9
BAHIA,JUAZEIRO,artes,96,59,13
BAHIA,JUAZEIRO,pedagogia,229,86,3
BAHIA,JUAZEIRO,sociologia,217,128,22
BAHIA,LAURO DE FREITAS,pedagogia,111,62,2
BAHIA,PAULO AFONSO,biologia,133,72,7
BAHIA,PAULO AFONSO,matematica,63,53,4
BAHIA,PORTO SEGURO,artes,67,23,2
BAHIA,PORTO SEGURO,biologia,46,38,2
BAHIA,PORTO SEGURO,historia,33,24,
BAHIA,PORTO SEGURO,quimica,30,7,
BAHIA,PORTO SEGURO,sociologia,31,13,
BAHIA,SALVADOR,artes,720,795,141
BAHIA,SALVADOR,biologia,464,257,66
BAHIA,SALVADOR,educacaofisica,492,307,26
BAHIA,SALVADOR,filosofia,178,177,19
BAHIA,SALVADOR,fisica,151,226,62
BAHIA,SALVADOR,geografia,313,273,6
BAHIA,SALVADOR,historia,451,475,99
BAHIA,SALVADOR,linguaportuguesa,225,424,64
BAHIA,SALVADOR,matematica,229,254,59
BAHIA,SALVADOR,pedagogia,660,379,36
BAHIA,SALVADOR,quimica,154,183,63
BAHIA,SALVADOR,sociologia,232,195,33
BAHIA,SANTA INES,biologia,98,13,
BAHIA,SANTA INES,geografia,77,12,
BAHIA,SANTA MARIA DA VITORIA,artes,47,38,1
BAHIA,SANTO AMARO,artes,52,11,
BAHIA,SANTO ANTONIO DE JESUS,geografia,65,31,1
BAHIA,SANTO ANTONIO DE JESUS,historia,54,34,5
BAHIA,SANTO ANTONIO DE JESUS,linguaportuguesa,116,106,6
BAHIA,SAO FRANCISCO DO CONDE,historia,49,32,4
BAHIA,SAO FRANCISCO DO CONDE,linguaportuguesa,34,23,4
BAHIA,SEABRA,linguaportuguesa,83,56,
BAHIA,SEABRA,pedagogia,63,27,
BAHIA,SENHOR DO BONFIM,biologia,81,43,4
BAHIA,SENHOR DO BONFIM,geografia,174,64,4
BAHIA,SERRINHA,biologia,163,49,
BAHIA,SERRINHA,pedagogia,217,52,2
BAHIA,TEIXEIRA DE FREITAS,artes,40,11,
BAHIA,TEIXEIRA DE FREITAS,biologia,39,23,2
BAHIA,TEIXEIRA DE FREITAS,educacaofisica,95,32,
BAHIA,TEIXEIRA DE FREITAS,historia,32,32,3
BAHIA,TEIXEIRA DE FREITAS,linguaportuguesa,57,40,3
BAHIA,TEIXEIRA DE FREITAS,matematica,22,24,3
BAHIA,TEIXEIRA DE FREITAS,pedagogia,66,35,2
BAHIA,TEIXEIRA DE FREITAS,sociologia,54,36,2
BAHIA,VALENCA,biologia,167,48,
BAHIA,VALENCA,matematica,66,27,1
BAHIA,VALENCA,pedagogia,152,56,6
BAHIA,VITORIA DA CONQUISTA,biologia,275,288,65
BAHIA,VITORIA DA CONQUISTA,filosofia,115,94,16
BAHIA,VITORIA DA CONQUISTA,fisica,45,42,15
BAHIA,VITORIA DA CONQUISTA,linguaportuguesa,93,128,32
BAHIA,VITORIA DA CONQUISTA,quimica,124,89,4
CEARA,ACARAU,biologia,204,202,71
CEARA,ACARAU,fisica,155,153,48
CEARA,ACOPIARA,biologia,93,52,41
CEARA,ARACATI,quimica,55,29,29
CEARA,BATURITE,linguaportuguesa,99,80,47
CEARA,BOA VIAGEM,quimica,33,23,26
CEARA,BREJO SANTO,biologia,92,38,16
CEARA,BREJO SANTO,fisica,20,23,5
CEARA,BREJO SANTO,matematica,34,28,9
CEARA,BREJO SANTO,pedagogia,205,87,8
CEARA,BREJO SANTO,quimica,32,21,6
CEARA,CAMOCIM,linguaportuguesa,123,76,43
CEARA,CAMOCIM,quimica,104,46,33
CEARA,CANINDE,educacaofisica,178,128,68
CEARA,CANINDE,matematica,30,37,29
CEARA,CANINDE,pedagogia,122,87,52
CEARA,CAUCAIA,matematica,57,59,67
CEARA,CAUCAIA,quimica,65,60,57
CEARA,CRATEUS,fisica,83,72,55
CEARA,CRATEUS,geografia,161,156,73
CEARA,CRATEUS,matematica,72,68,56
CEARA,CRATO,linguaportuguesa,114,86,69
CEARA,FORTALEZA,artes,192,209,186
CEARA,FORTALEZA,biologia,468,582,205
CEARA,FORTALEZA,educacaofisica,1961,1184,149
CEARA,FORTALEZA,filosofia,273,261,35
CEARA,FORTALEZA,fisica,156,276,160
CEARA,FORTALEZA,geografia,242,347,34
CEARA,FORTALEZA,historia,436,496,127
CEARA,FORTALEZA,linguaportuguesa,1228,1579,248
CEARA,FORTALEZA,matematica,204,344,186
CEARA,FORTALEZA,pedagogia,1660,1101,90
CEARA,FORTALEZA,quimica,171,311,99
CEARA,FORTALEZA,sociologia,372,455,112
CEARA,HORIZONTE,fisica,47,48,21
CEARA,IGUATU,geografia,96,84,60
CEARA,IGUATU,quimica,86,63,50
CEARA,ITAPIPOCA,fisica,117,81,51
CEARA,JAGUARIBE,biologia,36,43,21
CEARA,JUAZEIRO DO NORTE,educacaofisica,784,363,140
CEARA,JUAZEIRO DO NORTE,filosofia,186,158,37
CEARA,JUAZEIRO DO NORTE,linguaportuguesa,193,106,12
CEARA,JUAZEIRO DO NORTE,matematica,52,57,52
CEARA,LIMOEIRO DO NORTE,educacaofisica,162,94,65
CEARA,MARACANAU,matematica,46,81,61
CEARA,MARACANAU,quimica,77,85,54
CEARA,MARANGUAPE,fisica,65,60,44
CEARA,MARANGUAPE,matematica,46,65,47
CEARA,PARACURU,biologia,73,65,57
CEARA,QUIXADA,geografia,140,89,51
CEARA,QUIXADA,quimica,75,55,38
CEARA,REDENCAO,biologia,52,83,22
CEARA,REDENCAO,fisica,5,17,2
CEARA,REDENCAO,linguaportuguesa,141,172,55
CEARA,REDENCAO,matematica,38,57,11
CEARA,REDENCAO,quimica,47,55,15
CEARA,SOBRAL,fisica,55,61,72
CEARA,SOBRAL,matematica,80,140,107
CEARA,TABULEIRO DO NORTE,linguaportuguesa,24,16,22
CEARA,TAUA,linguaportuguesa,63,43,31
CEARA,TIANGUA,fisica,62,59,48
CEARA,TIANGUA,linguaportuguesa,138,148,109
CEARA,UBAJARA,quimica,48,49,50
CEARA,UMIRIM,linguaportuguesa,80,79,56
DISTRITO FEDERAL,BRASILIA,biologia,489,413,76
DISTRITO FEDERAL,BRASILIA,fisica,148,159,38
DISTRITO FEDERAL,BRASILIA,geografia,305,221,36
DISTRITO FEDERAL,BRASILIA,linguaportuguesa,1104,1146,159
DISTRITO FEDERAL,BRASILIA,matematica,156,195,39
DISTRITO FEDERAL,BRASILIA,pedagogia,754,466,49
DISTRITO FEDERAL,BRASILIA,quimica,173,176,39
ESPIRITO SANTO,ALEGRE,biologia,103,133,33
ESPIRITO SANTO,ALEGRE,matematica,41,40,9
ESPIRITO SANTO,ARACRUZ,quimica,43,16,2
ESPIRITO SANTO,CACHOEIRO DE ITAPEMIRIM,matematica,51,40,5
ESPIRITO SANTO,CARIACICA,fisica,51,32,2
ESPIRITO SANTO,COLATINA,pedagogia,56,54,6
ESPIRITO SANTO,NOVA VENECIA,geografia,39,23,
ESPIRITO SANTO,SANTA TERESA,biologia,31,39,
ESPIRITO SANTO,SAO MATEUS,biologia,80,111,50
ESPIRITO SANTO,SAO MATEUS,pedagogia,165,115,5
ESPIRITO SANTO,VENDA NOVA DO IMIGRANTE,linguaportuguesa,35,28,6
ESPIRITO SANTO,VILA VELHA,pedagogia,176,114,2
ESPIRITO SANTO,VILA VELHA,quimica,39,53,10
ESPIRITO SANTO,VITORIA,artes,124,272,72
ESPIRITO SANTO,VITORIA,biologia,122,170,99
ESPIRITO SANTO,VITORIA,educacaofisica,710,566,110
ESPIRITO SANTO,VITORIA,filosofia,62,146,37
ESPIRITO SANTO,VITORIA,fisica,73,160,54
ESPIRITO SANTO,VITORIA,geografia,101,262,39
ESPIRITO SANTO,VITORIA,historia,71,177,74
ESPIRITO SANTO,VITORIA,linguaportuguesa,211,346,169
ESPIRITO SANTO,VITORIA,matematica,89,162,79
ESPIRITO SANTO,VITORIA,pedagogia,263,184,30
ESPIRITO SANTO,VITORIA,quimica,46,105,64
ESPIRITO SANTO,VITORIA,sociologia,54,118,38
GOIAS,AGUAS LINDAS DE GOIAS,biologia,102,36,2
GOIAS,CATALAO,biologia,106,87,6
GOIAS,CATALAO,educacaofisica,150,98,11
GOIAS,CATALAO,fisica,22,15,2
GOIAS,CATALAO,geografia,75,27,
GOIAS,CATALAO,historia,34,71,6
GOIAS,CATALAO,linguaportuguesa,106,63,3
GOIAS,CATALAO,matematica,31,23,3
GOIAS,CATALAO,pedagogia,106,53,2
GOIAS,CATALAO,quimica,27,6,
GOIAS,CATALAO,sociologia,59,90,4
GOIAS,CERES,biologia,27,15,1
GOIAS,CERES,quimica,11,6,
GOIAS,FORMOSA,biologia,60,26,3
GOIAS,GOIANIA,artes,151,287,73
GOIAS,GOIANIA,biologia,245,413,89
GOIAS,GOIANIA,educacaofisica,836,466,56
GOIAS,GOIANIA,filosofia,149,222,17
GOIAS,GOIANIA,fisica,75,141,34
GOIAS,GOIANIA,geografia,115,179,25
GOIAS,GOIANIA,historia,166,323,115
GOIAS,GOIANIA,linguaportuguesa,313,486,115
GOIAS,GOIANIA,matematica,106,240,62
GOIAS,GOIANIA,pedagogia,512,486,71
GOIAS,GOIANIA,quimica,113,183,32
GOIAS,GOIANIA,sociologia,249,298,89
GOIAS,GOIAS,filosofia,85,89,10
GOIAS,GOIAS,pedagogia,116,77,4
GOIAS,IPORA,quimica,2,1,
GOIAS,JATAI,biologia,76,85,7
GOIAS,JATAI,educacaofisica,210,139,9
GOIAS,JATAI,fisica,26,7,
GOIAS,JATAI,geografia,47,22,1
GOIAS,JATAI,historia,55,56,4
GOIAS,JATAI,linguaportuguesa,86,60,
GOIAS,JATAI,matematica,15,12,
GOIAS,JATAI,pedagogia,147,57,3
GOIAS,JATAI,quimica,32,23,
GOIAS,MORRINHOS,pedagogia,15,6,
GOIAS,MORRINHOS,quimica,5,5,
GOIAS,POSSE,biologia,38,7,
GOIAS,RIO VERDE,biologia,42,15,3
GOIAS,RIO VERDE,quimica,17,7,1
GOIAS,URUTAI,biologia,9,8,1
GOIAS,URUTAI,educacaofisica,52,10,
GOIAS,URUTAI,matematica,4,1,
GOIAS,URUTAI,quimica,10,1,
GOIAS,VALPARAISO DE GOIAS,matematica,60,43,4
MARANHAO,ACAILANDIA,biologia,200,53,1
MARANHAO,ACAILANDIA,matematica,103,44,
MARANHAO,ACAILANDIA,quimica,129,40,
MARANHAO,BACABAL,biologia,220,72,4
MARANHAO,BACABAL,linguaportuguesa,269,103,
MARANHAO,BACABAL,quimica,116,37,
MARANHAO,BACABAL,sociologia,298,73,1
MARANHAO,CAXIAS,biologia,274,82,
MARANHAO,CAXIAS,quimica,140,44,1
MARANHAO,CHAPADINHA,biologia,207,64,1
MARANHAO,CODO,biologia,169,32,
MARANHAO,CODO,matematica,105,41,1
MARANHAO,CODO,quimica,110,27,1
MARANHAO,IMPERATRIZ,fisica,219,108,6
MARANHAO,IMPERATRIZ,pedagogia,761,216,5
MARANHAO,PEDREIRAS,fisica,72,26,
MARANHAO,PINHEIRO,educacaofisica,504,131,4
MARANHAO,SANTA INES,fisica,108,39,
MARANHAO,SAO JOAO DOS PATOS,matematica,112,13,
MARANHAO,SAO LUIS,artes,437,214,11
MARANHAO,SAO LUIS,biologia,874,489,49
MARANHAO,SAO LUIS,educacaofisica,1549,576,33
MARANHAO,SAO LUIS,filosofia,308,143,8
MARANHAO,SAO LUIS,fisica,219,175,15
MARANHAO,SAO LUIS,geografia,273,159,5
MARANHAO,SAO LUIS,historia,434,238,22
MARANHAO,SAO LUIS,linguaportuguesa,757,472,44
MARANHAO,SAO LUIS,matematica,338,302,15
MARANHAO,SAO LUIS,pedagogia,1367,460,13
MARANHAO,SAO LUIS,quimica,304,231,7
MARANHAO,SAO LUIS,sociologia,243,161,9
MARANHAO,SAO RAIMUNDO DAS MANGABEIRAS,biologia,130,7,
MARANHAO,TIMON,biologia,167,35,
MARANHAO,ZE DOCA,quimica,117,15,
MATO GROSSO,ALTA FLORESTA,biologia,43,10,
MATO GROSSO,ALTO ARAGUAIA,linguaportuguesa,25,16,1
MATO GROSSO,BARRA DO BUGRES,matematica,23,5,1
MATO GROSSO,BARRA DO GARCAS,geografia,43,8,
MATO GROSSO,BARRA DO GARCAS,linguaportuguesa,57,13,
MATO GROSSO,CACERES,biologia,59,27,1
MATO GROSSO,CACERES,educacaofisica,129,20,
MATO GROSSO,CACERES,geografia,55,5,
MATO GROSSO,CACERES,historia,58,19,2
MATO GROSSO,CACERES,linguaportuguesa,61,14,3
MATO GROSSO,CACERES,matematica,33,7,1
MATO GROSSO,CACERES,pedagogia,112,17,
MATO GROSSO,CUIABA,biologia,140,133,16
MATO GROSSO,CUIABA,educacaofisica,623,243,15
MATO GROSSO,CUIABA,filosofia,100,36,2
MATO GROSSO,CUIABA,fisica,139,42,6
MATO GROSSO,CUIABA,geografia,211,50,1
MATO GROSSO,CUIABA,historia,146,128,14
MATO GROSSO,CUIABA,linguaportuguesa,301,162,10
MATO GROSSO,CUIABA,matematica,81,25,2
MATO GROSSO,CUIABA,pedagogia,354,120,2
MATO GROSSO,CUIABA,quimica,116,64,5
MATO GROSSO,CUIABA,sociologia,124,58,3
MATO GROSSO,DIAMANTINO,educacaofisica,93,15,
MATO GROSSO,JUARA,pedagogia,44,9,
MATO GROSSO,NOVA XAVANTINA,biologia,56,13,
MATO GROSSO,PONTAL DO ARAGUAIA,biologia,56,24,1
MATO GROSSO,PONTAL DO ARAGUAIA,educacaofisica,88,45,
MATO GROSSO,PONTAL DO ARAGUAIA,fisica,7,9,
MATO GROSSO,PONTAL DO ARAGUAIA,matematica,11,4,
MATO GROSSO,PONTAL DO ARAGUAIA,quimica,14,7,
MATO GROSSO,PONTES E LACERDA,linguaportuguesa,38,13,
MATO GROSSO,RONDONOPOLIS,biologia,51,44,20
MATO GROSSO,RONDONOPOLIS,geografia,60,16,2
MATO GROSSO,RONDONOPOLIS,historia,50,37,10
MATO GROSSO,RONDONOPOLIS,linguaportuguesa,54,22,10
MATO GROSSO,RONDONOPOLIS,matematica,27,29,9
MATO GROSSO,RONDONOPOLIS,pedagogia,115,46,5
MATO GROSSO,SINOP,geografia,41,14,1
MATO GROSSO,SINOP,linguaportuguesa,47,28,4
MATO GROSSO,SINOP,matematica,18,9,3
MATO GROSSO,SINOP,pedagogia,92,36,1
MATO GROSSO,TANGARA DA SERRA,biologia,66,23,2
MATO GROSSO,TANGARA DA SERRA,linguaportuguesa,41,17,1
MATO GROSSO DO SUL,AGUA CLARA,historia,14,15,2
MATO GROSSO DO SUL,AGUA CLARA,linguaportuguesa,13,13,
MATO GROSSO DO SUL,AGUA CLARA,pedagogia,33,25,6
MATO GROSSO DO SUL,AQUIDAUANA,biologia,67,13,3
MATO GROSSO DO SUL,AQUIDAUANA,geografia,44,4,
MATO GROSSO DO SUL,AQUIDAUANA,historia,41,7,
MATO GROSSO DO SUL,AQUIDAUANA,linguaportuguesa,50,13,2
MATO GROSSO DO SUL,AQUIDAUANA,matematica,29,2,3
MATO GROSSO DO SUL,AQUIDAUANA,pedagogia,65,9,
MATO GROSSO DO SUL,BELA VISTA,historia,11,11,4
MATO GROSSO DO SUL,BELA VISTA,linguaportuguesa,9,8,1
MATO GROSSO DO SUL,CAMPO GRANDE,artes,83,89,16
MATO GROSSO DO SUL,CAMPO GRANDE,biologia,183,178,45
MATO GROSSO DO SUL,CAMPO GRANDE,educacaofisica,256,138,20
MATO GROSSO DO SUL,CAMPO GRANDE,filosofia,18,28,6
MATO GROSSO DO SUL,CAMPO GRANDE,fisica,19,24,10
MATO GROSSO DO SUL,CAMPO GRANDE,geografia,85,49,
MATO GROSSO DO SUL,CAMPO GRANDE,historia,97,113,24
MATO GROSSO DO SUL,CAMPO GRANDE,linguaportuguesa,168,159,25
MATO GROSSO DO SUL,CAMPO GRANDE,matematica,38,42,12
MATO GROSSO DO SUL,CAMPO GRANDE,pedagogia,206,109,16
MATO GROSSO DO SUL,CAMPO GRANDE,quimica,20,18,4
MATO GROSSO DO SUL,CAMPO GRANDE,sociologia,167,249,66
MATO GROSSO DO SUL,CASSILANDIA,linguaportuguesa,20,6,
MATO GROSSO DO SUL,CASSILANDIA,matematica,5,7,
MATO GROSSO DO SUL,CORUMBA,biologia,56,16,1
MATO GROSSO DO SUL,CORUMBA,educacaofisica,93,21,
MATO GROSSO DO SUL,CORUMBA,geografia,37,6,
MATO GROSSO DO SUL,CORUMBA,historia,47,29,2
MATO GROSSO DO SUL,CORUMBA,linguaportuguesa,36,14,2
MATO GROSSO DO SUL,CORUMBA,matematica,13,8,1
MATO GROSSO DO SUL,CORUMBA,pedagogia,123,35,1
MATO GROSSO DO SUL,COSTA RICA,historia,25,18,
MATO GROSSO DO SUL,COSTA RICA,linguaportuguesa,8,12,
MATO GROSSO DO SUL,COXIM,historia,15,12,3
MATO GROSSO DO SUL,COXIM,linguaportuguesa,30,13,3
MATO GROSSO DO SUL,DOURADOS,artes,141,85,10
MATO GROSSO DO SUL,DOURADOS,biologia,72,72,6
MATO GROSSO DO SUL,DOURADOS,educacaofisica,141,62,1
MATO GROSSO DO SUL,DOURADOS,fisica,13,8,1
MATO GROSSO DO SUL,DOURADOS,geografia,35,13,
MATO GROSSO DO SUL,DOURADOS,historia,53,56,1
MATO GROSSO DO SUL,DOURADOS,linguaportuguesa,105,61,2
MATO GROSSO DO SUL,DOURADOS,matematica,31,16,1
MATO GROSSO DO SUL,DOURADOS,pedagogia,129,39,
MATO GROSSO DO SUL,DOURADOS,quimica,45,17,1
MATO GROSSO DO SUL,DOURADOS,sociologia,50,34,1
MATO GROSSO DO SUL,IVINHEMA,biologia,20,10,
MATO GROSSO DO SUL,JARDIM,geografia,25,4,
MATO GROSSO DO SUL,JARDIM,linguaportuguesa,20,9,1
MATO GROSSO DO SUL,MARACAJU,pedagogia,11,2,
MATO GROSSO DO SUL,MIRANDA,historia,11,9,1
MATO GROSSO DO SUL,MIRANDA,linguaportuguesa,9,13,1
MATO GROSSO DO SUL,MIRANDA,pedagogia,27,22,
MATO GROSSO DO SUL,MUNDO NOVO,biologia,23,8,2
MATO GROSSO DO SUL,NAVIRAI,pedagogia,49,29,2
MATO GROSSO DO SUL,NAVIRAI,quimica,19,3,
MATO GROSSO DO SUL,NOVA ANDRADINA,historia,16,20,2
MATO GROSSO DO SUL,NOVA ANDRADINA,matematica,11,3,2
MATO GROSSO DO SUL,PARANAIBA,matematica,10,3,
MATO GROSSO DO SUL,PARANAIBA,pedagogia,39,11,
MATO GROSSO DO SUL,PARANAIBA,sociologia,19,10,1
MATO GROSSO DO SUL,PONTA PORA,matematica,20,6,1
MATO GROSSO DO SUL,PONTA PORA,pedagogia,43,16,2
MATO GROSSO DO SUL,PORTO MURTINHO,historia,24,6,
MATO GROSSO DO SUL,PORTO MURTINHO,linguaportuguesa,22,4,
MATO GROSSO DO SUL,PORTO MURTINHO,pedagogia,47,26,
MATO GROSSO DO SUL,RIO BRILHANTE,historia,21,11,
MATO GROSSO DO SUL,RIO BRILHANTE,linguaportuguesa,5,6,2
MATO GROSSO DO SUL,RIO BRILHANTE,pedagogia,13,16,1
MATO GROSSO DO SUL,SAO GABRIEL DO OESTE,historia,10,12,1
MATO GROSSO DO SUL,SAO GABRIEL DO OESTE,linguaportuguesa,22,6,1
MATO GROSSO DO SUL,SAO GABRIEL DO OESTE,pedagogia,22,19,
MATO GROSSO DO SUL,SIDROLANDIA,historia,6,14,
MATO GROSSO DO SUL,SIDROLANDIA,linguaportuguesa,9,13,1
MATO GROSSO DO SUL,SIDROLANDIA,pedagogia,22,19,
MATO GROSSO DO SUL,TRES LAGOAS,biologia,19,25,10
MATO GROSSO DO SUL,TRES LAGOAS,geografia,25,16,1
MATO GROSSO DO SUL,TRES LAGOAS,historia,29,37,13
MATO GROSSO DO SUL,TRES LAGOAS,linguaportuguesa,60,51,10
MATO GROSSO DO SUL,TRES LAGOAS,matematica,15,16,2
MATO GROSSO DO SUL,TRES LAGOAS,pedagogia,64,26,2
MINAS GERAIS,ALFENAS,biologia,45,101,47
MINAS GERAIS,ALFENAS,fisica,20,27,6
MINAS GERAIS,ALFENAS,geografia,75,55,6
MINAS GERAIS,ALFENAS,historia,47,96,44
MINAS GERAIS,ALFENAS,linguaportuguesa,58,75,23
MINAS GERAIS,ALFENAS,matematica,18,29,23
MINAS GERAIS,ALFENAS,pedagogia,116,102,17
MINAS GERAIS,ALFENAS,sociologia,29,68,49
MINAS GERAIS,ALMENARA,linguaportuguesa,31,16,1
MINAS GERAIS,ALMENARA,pedagogia,58,16,
MINAS GERAIS,BAMBUI,biologia,29,22,1
MINAS GERAIS,BAMBUI,educacaofisica,47,35,1
MINAS GERAIS,BAMBUI,fisica,5,2,
MINAS GERAIS,BARBACENA,biologia,20,24,1
MINAS GERAIS,BARBACENA,educacaofisica,48,33,2
MINAS GERAIS,BARBACENA,pedagogia,59,46,1
MINAS GERAIS,BARBACENA,quimica,13,9,2
MINAS GERAIS,BELO HORIZONTE,artes,122,274,133
MINAS GERAIS,BELO HORIZONTE,biologia,711,997,567
MINAS GERAIS,BELO HORIZONTE,educacaofisica,803,976,333
MINAS GERAIS,BELO HORIZONTE,filosofia,156,263,125
MINAS GERAIS,BELO HORIZONTE,fisica,83,186,221
MINAS GERAIS,BELO HORIZONTE,geografia,136,323,90
MINAS GERAIS,BELO HORIZONTE,historia,220,428,277
MINAS GERAIS,BELO HORIZONTE,linguaportuguesa,463,1045,402
MINAS GERAIS,BELO HORIZONTE,matematica,107,262,176
MINAS GERAIS,BELO HORIZONTE,pedagogia,660,778,165
MINAS GERAIS,BELO HORIZONTE,quimica,94,221,169
MINAS GERAIS,BELO HORIZONTE,sociologia,145,262,158
MINAS GERAIS,BRASILIA DE MINAS,pedagogia,61,19,1
MINAS GERAIS,CAMPANHA,historia,14,27,3
MINAS GERAIS,CAMPANHA,pedagogia,24,11,
MINAS GERAIS,CARANGOLA,biologia,19,17,1
MINAS GERAIS,CARANGOLA,geografia,16,7,2
MINAS GERAIS,CARANGOLA,historia,17,20,1
MINAS GERAIS,CARANGOLA,linguaportuguesa,29,7,
MINAS GERAIS,CARANGOLA,matematica,12,10,3
MINAS GERAIS,CARANGOLA,pedagogia,39,8,1
MINAS GERAIS,CLAUDIO,pedagogia,22,13,
MINAS GERAIS,CONGONHAS,fisica,20,5,
MINAS GERAIS,CONGONHAS,linguaportuguesa,19,18,
MINAS GERAIS,DIAMANTINA,biologia,42,36,
MINAS GERAIS,DIAMANTINA,educacaofisica,185,79,4
MINAS GERAIS,DIAMANTINA,geografia,31,21,2
MINAS GERAIS,DIAMANTINA,historia,28,53,11
MINAS GERAIS,DIAMANTINA,linguaportuguesa,90,73,8
MINAS GERAIS,DIAMANTINA,pedagogia,80,37,3
MINAS GERAIS,DIAMANTINA,quimica,20,17,
MINAS GERAIS,DIVINOPOLIS,biologia,32,36,2
MINAS GERAIS,DIVINOPOLIS,educacaofisica,108,52,7
MINAS GERAIS,DIVINOPOLIS,historia,25,41,8
MINAS GERAIS,DIVINOPOLIS,linguaportuguesa,14,25,9
MINAS GERAIS,DIVINOPOLIS,matematica,19,19,3
MINAS GERAIS,DIVINOPOLIS,pedagogia,80,75,6
MINAS GERAIS,DIVINOPOLIS,quimica,23,30,2
MINAS GERAIS,ESPINOSA,linguaportuguesa,27,7,
MINAS GERAIS,ESPINOSA,pedagogia,34,14,
MINAS GERAIS,FLORESTAL,biologia,24,37,5
MINAS GERAIS,FLORESTAL,educacaofisica,122,86,1
MINAS GERAIS,FLORESTAL,fisica,14,10,
MINAS GERAIS,FLORESTAL,matematica,13,22,3
MINAS GERAIS,FLORESTAL,quimica,11,12,3
MINAS GERAIS,FORMIGA,matematica,19,9,2
MINAS GERAIS,FRUTAL,geografia,13,9,
MINAS GERAIS,GOVERNADOR VALADARES,educacaofisica,114,90,9
MINAS GERAIS,IBIRITE,biologia,27,37,6
MINAS GERAIS,IBIRITE,educacaofisica,115,95,1
MINAS GERAIS,IBIRITE,fisica,12,16,1
MINAS GERAIS,IBIRITE,historia,32,40,2
MINAS GERAIS,IBIRITE,linguaportuguesa,37,50,1
MINAS GERAIS,IBIRITE,matematica,15,23,2
MINAS GERAIS,IBIRITE,pedagogia,108,67,5
MINAS GERAIS,IBIRITE,sociologia,21,32,1
MINAS GERAIS,INCONFIDENTES,biologia,4,4,
MINAS GERAIS,INCONFIDENTES,historia,3,14,
MINAS GERAIS,INCONFIDENTES,matematica,4,3,1
MINAS GERAIS,INCONFIDENTES,pedagogia,13,8,
MINAS GERAIS,ITAJUBA,biologia,41,53,9
MINAS GERAIS,ITAJUBA,fisica,12,49,9
MINAS GERAIS,ITAJUBA,matematica,19,62,17
MINAS GERAIS,ITAJUBA,quimica,27,71,20
MINAS GERAIS,ITUIUTABA,biologia,99,136,18
MINAS GERAIS,ITUIUTABA,educacaofisica,57,35,3
MINAS GERAIS,ITUIUTABA,fisica,8,12,
MINAS GERAIS,ITUIUTABA,geografia,45,19,
MINAS GERAIS,ITUIUTABA,historia,33,64,4
MINAS GERAIS,ITUIUTABA,matematica,15,22,4
MINAS GERAIS,ITUIUTABA,pedagogia,163,61,
MINAS GERAIS,ITUIUTABA,quimica,23,43,15
MINAS GERAIS,ITURAMA,biologia,29,16,
MINAS GERAIS,ITURAMA,quimica,18,7,1
MINAS GERAIS,JANAUBA,pedagogia,81,52,
MINAS GERAIS,JANUARIA,biologia,90,19,1
MINAS GERAIS,JANUARIA,educacaofisica,177,32,
MINAS GERAIS,JANUARIA,fisica,47,6,
MINAS GERAIS,JANUARIA,matematica,36,16,2
MINAS GERAIS,JANUARIA,pedagogia,139,34,
MINAS GERAIS,JUIZ DE FORA,artes,115,225,86
MINAS GERAIS,JUIZ DE FORA,biologia,73,112,57
MINAS GERAIS,JUIZ DE FORA,educacaofisica,239,191,54
MINAS GERAIS,JUIZ DE FORA,filosofia,34,45,13
MINAS GERAIS,JUIZ DE FORA,fisica,20,39,16
MINAS GERAIS,JUIZ DE FORA,geografia,93,128,22
MINAS GERAIS,JUIZ DE FORA,historia,58,102,43
MINAS GERAIS,JUIZ DE FORA,linguaportuguesa,87,84,39
MINAS GERAIS,JUIZ DE FORA,matematica,29,63,12
MINAS GERAIS,JUIZ DE FORA,pedagogia,170,106,16
MINAS GERAIS,JUIZ DE FORA,quimica,32,42,28
MINAS GERAIS,LAVRAS,biologia,56,108,42
MINAS GERAIS,LAVRAS,educacaofisica,227,153,14
MINAS GERAIS,LAVRAS,filosofia,42,50,14
MINAS GERAIS,LAVRAS,fisica,35,23,2
MINAS GERAIS,LAVRAS,linguaportuguesa,78,86,39
MINAS GERAIS,LAVRAS,matematica,27,26,6
MINAS GERAIS,LAVRAS,pedagogia,111,96,17
MINAS GERAIS,LAVRAS,quimica,24,71,12
MINAS GERAIS,LEOPOLDINA,pedagogia,41,12,2
MINAS GERAIS,MACHADO,biologia,9,13,
MINAS GERAIS,MARIANA,historia,52,134,59
MINAS GERAIS,MARIANA,linguaportuguesa,59,111,14
MINAS GERAIS,MARIANA,pedagogia,110,73,4
MINAS GERAIS,MONTES CLAROS,artes,51,53,11
MINAS GERAIS,MONTES CLAROS,biologia,138,152,46
MINAS GERAIS,MONTES CLAROS,educacaofisica,481,268,18
MINAS GERAIS,MONTES CLAROS,filosofia,54,44,4
MINAS GERAIS,MONTES CLAROS,fisica,36,34,8
MINAS GERAIS,MONTES CLAROS,geografia,99,76,2
MINAS GERAIS,MONTES CLAROS,historia,55,69,13
MINAS GERAIS,MONTES CLAROS,linguaportuguesa,203,193,20
MINAS GERAIS,MONTES CLAROS,matematica,30,53,9
MINAS GERAIS,MONTES CLAROS,pedagogia,192,104,12
MINAS GERAIS,MONTES CLAROS,sociologia,54,48,5
MINAS GERAIS,MURIAE,biologia,19,9,1
MINAS GERAIS,MUZAMBINHO,biologia,14,12,1
MINAS GERAIS,MUZAMBINHO,educacaofisica,60,51,1
MINAS GERAIS,OURO BRANCO,pedagogia,22,26,
MINAS GERAIS,OURO PRETO,artes,73,130,32
MINAS GERAIS,OURO PRETO,educacaofisica,136,153,15
MINAS GERAIS,OURO PRETO,fisica,34,30,8
MINAS GERAIS,OURO PRETO,geografia,24,24,
MINAS GERAIS,OURO PRETO,matematica,40,35,12
MINAS GERAIS,PARACATU,pedagogia,35,15,1
MINAS GERAIS,PASSOS,biologia,51,68,18
MINAS GERAIS,PASSOS,educacaofisica,76,52,5
MINAS GERAIS,PASSOS,fisica,13,4,
MINAS GERAIS,PASSOS,historia,20,56,5
MINAS GERAIS,PASSOS,linguaportuguesa,22,21,1
MINAS GERAIS,PASSOS,matematica,27,18,2
MINAS GERAIS,PASSOS,pedagogia,56,40,1
MINAS GERAIS,PIRAPORA,pedagogia,45,18,
MINAS GERAIS,POCOS DE CALDAS,biologia,14,14,1
MINAS GERAIS,POCOS DE CALDAS,geografia,8,12,
MINAS GERAIS,POCOS DE CALDAS,pedagogia,28,21,1
MINAS GERAIS,POUSO ALEGRE,matematica,14,15,1
MINAS GERAIS,POUSO ALEGRE,quimica,17,16,2
MINAS GERAIS,RIO PARANAIBA,biologia,37,100,13
MINAS GERAIS,RIO PARANAIBA,quimica,11,34,3
MINAS GERAIS,RIO POMBA,educacaofisica,34,21,2
MINAS GERAIS,RIO POMBA,matematica,7,11,
MINAS GERAIS,SALINAS,biologia,41,19,
MINAS GERAIS,SALINAS,fisica,8,1,
MINAS GERAIS,SALINAS,matematica,12,4,
MINAS GERAIS,SALINAS,pedagogia,41,11,1
MINAS GERAIS,SALINAS,quimica,6,4,
MINAS GERAIS,SANTA VITORIA,pedagogia,10,,
MINAS GERAIS,SANTOS DUMONT,matematica,7,3,1
MINAS GERAIS,SAO FRANCISCO,historia,60,20,1
MINAS GERAIS,SAO FRANCISCO,matematica,38,9,1
MINAS GERAIS,SAO JOAO DEL REI,artes,44,40,1
MINAS GERAIS,SAO JOAO DEL REI,biologia,80,121,11
MINAS GERAIS,SAO JOAO DEL REI,educacaofisica,144,111,3
MINAS GERAIS,SAO JOAO DEL REI,filosofia,47,80,5
MINAS GERAIS,SAO JOAO DEL REI,fisica,40,35,4
MINAS GERAIS,SAO JOAO DEL REI,geografia,56,60,1
MINAS GERAIS,SAO JOAO DEL REI,historia,47,107,15
MINAS GERAIS,SAO JOAO DEL REI,linguaportuguesa,76,123,12
MINAS GERAIS,SAO JOAO DEL REI,matematica,29,32,6
MINAS GERAIS,SAO JOAO DEL REI,pedagogia,128,72,3
MINAS GERAIS,SAO JOAO DEL REI,quimica,56,53,2
MINAS GERAIS,SAO JOAO EVANGELISTA,biologia,22,27,2
MINAS GERAIS,SAO JOAO EVANGELISTA,matematica,18,7,1
MINAS GERAIS,TEOFILO OTONI,matematica,27,27,3
MINAS GERAIS,UBA,biologia,22,24,
MINAS GERAIS,UBA,pedagogia,26,19,
MINAS GERAIS,UBA,quimica,9,11,
MINAS GERAIS,UBERABA,biologia,75,68,31
MINAS GERAIS,UBERABA,educacaofisica,104,118,32
MINAS GERAIS,UBERABA,fisica,13,18,2
MINAS GERAIS,UBERABA,geografia,34,29,3
MINAS GERAIS,UBERABA,historia,42,59,32
MINAS GERAIS,UBERABA,linguaportuguesa,39,57,23
MINAS GERAIS,UBERABA,matematica,15,31,6
MINAS GERAIS,UBERABA,quimica,50,33,8
MINAS GERAIS,UBERLANDIA,artes,201,352,126
MINAS GERAIS,UBERLANDIA,biologia,99,202,86
MINAS GERAIS,UBERLANDIA,educacaofisica,244,180,31
MINAS GERAIS,UBERLANDIA,filosofia,113,141,14
MINAS GERAIS,UBERLANDIA,fisica,43,59,20
MINAS GERAIS,UBERLANDIA,geografia,110,129,6
MINAS GERAIS,UBERLANDIA,historia,128,186,54
MINAS GERAIS,UBERLANDIA,linguaportuguesa,187,298,49
MINAS GERAIS,UBERLANDIA,matematica,22,51,26
MINAS GERAIS,UBERLANDIA,pedagogia,297,217,14
MINAS GERAIS,UBERLANDIA,quimica,27,52,5
MINAS GERAIS,UBERLANDIA,sociologia,47,80,36
MINAS GERAIS,UNAI,linguaportuguesa,34,20,2
MINAS GERAIS,VICOSA,biologia,162,316,149
MINAS GERAIS,VICOSA,educacaofisica,283,285,54
MINAS GERAIS,VICOSA,fisica,76,68,19
MINAS GERAIS,VICOSA,geografia,85,89,11
MINAS GERAIS,VICOSA,historia,103,122,55
MINAS GERAIS,VICOSA,linguaportuguesa,133,162,26
MINAS GERAIS,VICOSA,matematica,100,116,19
MINAS GERAIS,VICOSA,pedagogia,203,161,12
MINAS GERAIS,VICOSA,quimica,97,142,27
MINAS GERAIS,VICOSA,sociologia,92,116,24
PARA,BELEM,biologia,1089,1431,440
PARA,BELEM,linguaportuguesa,1744,1818,328
PARA,BELEM,pedagogia,1857,1560,230
PARA,CAPANEMA,biologia,257,333,109
PARA,CAPITAO POCO,biologia,103,130,51
PARA,MARABA,artes,252,88,30
PARA,MARABA,biologia,413,121,59
PARA,MARABA,fisica,191,80,40
PARA,MARABA,geografia,538,202,63
PARA,MARABA,historia,330,164,74
PARA,MARABA,linguaportuguesa,582,233,98
PARA,MARABA,matematica,174,98,54
PARA,MARABA,pedagogia,843,202,77
PARA,MARABA,quimica,153,92,34
PARA,MARABA,sociologia,577,153,55
PARA,SANTANA DO ARAGUAIA,matematica,100,47,12
PARA,SAO FELIX DO XINGU,biologia,137,58,24
PARA,SAO FELIX DO XINGU,linguaportuguesa,162,69,9
PARA,TOME-ACU,biologia,104,117,45
PARA,TOME-ACU,linguaportuguesa,145,144,44
PARA,XINGUARA,geografia,153,98,6
PARA,XINGUARA,historia,125,63,16
PARAIBA,ARARUNA,fisica,36,12,3
PARAIBA,AREIA,biologia,107,79,11
PARAIBA,AREIA,quimica,55,24,3
PARAIBA,BANANEIRAS,pedagogia,254,100,5
PARAIBA,CABEDELO,biologia,84,39,6
PARAIBA,CAJAZEIRAS,biologia,206,114,11
PARAIBA,CAJAZEIRAS,fisica,131,36,5
PARAIBA,CAJAZEIRAS,geografia,302,92,3
PARAIBA,CAJAZEIRAS,historia,276,169,14
PARAIBA,CAJAZEIRAS,linguaportuguesa,178,130,16
PARAIBA,CAJAZEIRAS,matematica,164,133,25
PARAIBA,CAJAZEIRAS,pedagogia,457,146,7
PARAIBA,CAJAZEIRAS,quimica,125,54,2
PARAIBA,CAMPINA GRANDE,biologia,54,246,82
PARAIBA,CAMPINA GRANDE,educacaofisica,235,516,201
PARAIBA,CAMPINA GRANDE,filosofia,236,127,17
PARAIBA,CAMPINA GRANDE,fisica,193,99,11
PARAIBA,CAMPINA GRANDE,geografia,537,316,16
PARAIBA,CAMPINA GRANDE,historia,412,421,143
PARAIBA,CAMPINA GRANDE,linguaportuguesa,889,851,267
PARAIBA,CAMPINA GRANDE,matematica,297,259,50
PARAIBA,CAMPINA GRANDE,pedagogia,683,447,85
PARAIBA,CAMPINA GRANDE,quimica,159,83,17
PARAIBA,CAMPINA GRANDE,sociologia,159,107,13
PARAIBA,CATOLE DO ROCHA,linguaportuguesa,84,77,16
PARAIBA,CUITE,biologia,289,84,6
PARAIBA,CUITE,fisica,84,9,1
PARAIBA,CUITE,matematica,99,23,3
PARAIBA,CUITE,quimica,117,12,1
PARAIBA,GUARABIRA,geografia,126,138,9
PARAIBA,GUARABIRA,historia,123,124,37
PARAIBA,GUARABIRA,linguaportuguesa,50,126,30
PARAIBA,GUARABIRA,pedagogia,231,170,35
PARAIBA,JOAO PESSOA,artes,82,124,51
PARAIBA,JOAO PESSOA,biologia,394,479,169
PARAIBA,JOAO PESSOA,educacaofisica,842,636,180
PARAIBA,JOAO PESSOA,filosofia,113,98,20
PARAIBA,JOAO PESSOA,fisica,102,112,37
PARAIBA,JOAO PESSOA,geografia,141,133,15
PARAIBA,JOAO PESSOA,historia,202,210,82
PARAIBA,JOAO PESSOA,linguaportuguesa,835,698,148
PARAIBA,JOAO PESSOA,matematica,194,189,58
PARAIBA,JOAO PESSOA,pedagogia,1272,861,104
PARAIBA,JOAO PESSOA,quimica,130,108,40
PARAIBA,JOAO PESSOA,sociologia,140,158,38
PARAIBA,MAMANGUAPE,linguaportuguesa,104,47,3
PARAIBA,MAMANGUAPE,pedagogia,211,36,4
PARAIBA,MONTEIRO,linguaportuguesa,125,101,34
PARAIBA,MONTEIRO,matematica,23,38,7
PARAIBA,PATOS,biologia,227,110,10
PARAIBA,PATOS,fisica,67,29,10
PARAIBA,PATOS,matematica,128,139,36
PARAIBA,PICUI,linguaportuguesa,168,38,3
PARAIBA,PRINCESA ISABEL,biologia,61,36,3
PARAIBA,RIO TINTO,matematica,140,33,3
PARAIBA,SOUSA,educacaofisica,259,125,20
PARAIBA,SOUSA,linguaportuguesa,178,56,2
PARAIBA,SOUSA,quimica,78,22,
PARAIBA,SUME,sociologia,83,19,
PARANA,APUCARANA,linguaportuguesa,52,39,
PARANA,APUCARANA,matematica,16,7,1
PARANA,APUCARANA,pedagogia,97,28,
PARANA,APUCARANA,quimica,34,10,2
PARANA,BANDEIRANTES,biologia,54,31,4
PARANA,CAMPO MOURAO,geografia,13,5,
PARANA,CAMPO MOURAO,historia,24,20,2
PARANA,CAMPO MOURAO,linguaportuguesa,25,21,1
PARANA,CAMPO MOURAO,matematica,9,8,1
PARANA,CAMPO MOURAO,pedagogia,69,24,
PARANA,CAMPO MOURAO,quimica,21,9,1
PARANA,CASCAVEL,biologia,42,99,24
PARANA,CASCAVEL,linguaportuguesa,39,50,4
PARANA,CASCAVEL,matematica,12,30,3
PARANA,CASCAVEL,pedagogia,104,52,6
PARANA,CHOPINZINHO,pedagogia,21,3,
PARANA,CIANORTE,pedagogia,16,14,
PARANA,CLEVELANDIA,pedagogia,12,3,
PARANA,CORNELIO PROCOPIO,biologia,43,25,2
PARANA,CORNELIO PROCOPIO,geografia,28,14,1
PARANA,CORNELIO PROCOPIO,linguaportuguesa,25,13,
PARANA,CORNELIO PROCOPIO,matematica,70,23,3
PARANA,CORNELIO PROCOPIO,pedagogia,114,25,
PARANA,CORONEL VIVIDA,historia,11,5,
PARANA,CORONEL VIVIDA,pedagogia,3,4,
PARANA,CURITIBA,artes,208,475,94
PARANA,CURITIBA,biologia,302,383,106
PARANA,CURITIBA,educacaofisica,615,533,82
PARANA,CURITIBA,filosofia,52,101,28
PARANA,CURITIBA,fisica,96,196,55
PARANA,CURITIBA,geografia,46,68,18
PARANA,CURITIBA,historia,66,128,35
PARANA,CURITIBA,linguaportuguesa,254,479,101
PARANA,CURITIBA,matematica,85,149,46
PARANA,CURITIBA,pedagogia,397,305,31
PARANA,CURITIBA,quimica,97,175,64
PARANA,CURITIBA,sociologia,57,104,39
PARANA,DOIS VIZINHOS,biologia,37,30,4
PARANA,FOZ DO IGUACU,biologia,65,63,9
PARANA,FOZ DO IGUACU,filosofia,21,18,1
PARANA,FOZ DO IGUACU,geografia,39,15,1
PARANA,FOZ DO IGUACU,historia,26,36,4
PARANA,FOZ DO IGUACU,linguaportuguesa,71,66,11
PARANA,FOZ DO IGUACU,matematica,31,17,2
PARANA,FOZ DO IGUACU,pedagogia,74,33,3
PARANA,FOZ DO IGUACU,quimica,20,12,1
PARANA,FOZ DO IGUACU,sociologia,28,49,8
PARANA,FRANCISCO BELTRAO,geografia,18,19,3
PARANA,FRANCISCO BELTRAO,pedagogia,79,40,3
PARANA,GOIOERE,fisica,7,2,1
PARANA,GUARAPUAVA,biologia,60,47,
PARANA,GUARAPUAVA,educacaofisica,70,35,1
PARANA,GUARAPUAVA,filosofia,31,5,
PARANA,GUARAPUAVA,fisica,7,5,
PARANA,GUARAPUAVA,geografia,27,5,
PARANA,GUARAPUAVA,historia,32,26,2
PARANA,GUARAPUAVA,linguaportuguesa,55,23,2
PARANA,GUARAPUAVA,matematica,18,9,2
PARANA,GUARAPUAVA,pedagogia,98,20,1
PARANA,GUARAPUAVA,quimica,26,19,1
PARANA,IRATI,educacaofisica,43,19,
PARANA,IRATI,geografia,24,2,
PARANA,IRATI,historia,16,17,
PARANA,IRATI,linguaportuguesa,17,13,
PARANA,IRATI,matematica,15,3,
PARANA,IRATI,pedagogia,39,9,
PARANA,IVAIPORA,educacaofisica,15,16,2
PARANA,IVAIPORA,historia,7,12,1
PARANA,JACAREZINHO,biologia,45,24,1
PARANA,JACAREZINHO,educacaofisica,109,49,2
PARANA,JACAREZINHO,filosofia,15,11,1
PARANA,JACAREZINHO,historia,42,36,5
PARANA,JACAREZINHO,linguaportuguesa,43,35,6
PARANA,JACAREZINHO,matematica,4,17,5
PARANA,JACAREZINHO,pedagogia,24,32,3
PARANA,LARANJEIRAS DO SUL,biologia,23,10,
PARANA,LARANJEIRAS DO SUL,pedagogia,57,11,
PARANA,LARANJEIRAS DO SUL,sociologia,25,13,1
PARANA,LONDRINA,artes,44,61,13
PARANA,LONDRINA,biologia,27,76,31
PARANA,LONDRINA,educacaofisica,263,218,24
PARANA,LONDRINA,filosofia,8,21,4
PARANA,LONDRINA,fisica,9,26,12
PARANA,LONDRINA,geografia,26,50,10
PARANA,LONDRINA,historia,58,116,30
PARANA,LONDRINA,linguaportuguesa,73,109,26
PARANA,LONDRINA,matematica,8,38,18
PARANA,LONDRINA,pedagogia,214,218,23
PARANA,LONDRINA,quimica,111,99,19
PARANA,LONDRINA,sociologia,63,124,40
PARANA,MARECHAL CANDIDO RONDON,educacaofisica,75,50,4
PARANA,MARECHAL CANDIDO RONDON,geografia,2,2,
PARANA,MARECHAL CANDIDO RONDON,historia,19,16,1
PARANA,MARECHAL CANDIDO RONDON,linguaportuguesa,13,25,5
PARANA,MARINGA,artes,47,72,22
PARANA,MARINGA,biologia,11,68,39
PARANA,MARINGA,educacaofisica,268,113,7
PARANA,MARINGA,filosofia,39,55,6
PARANA,MARINGA,fisica,16,24,9
PARANA,MARINGA,geografia,47,56,3
PARANA,MARINGA,historia,32,94,28
PARANA,MARINGA,linguaportuguesa,94,97,23
PARANA,MARINGA,matematica,9,56,19
PARANA,MARINGA,pedagogia,199,84,9
PARANA,MARINGA,quimica,27,52,32
PARANA,MARINGA,sociologia,14,60,12
PARANA,MATINHOS,artes,28,26,3
PARANA,MATINHOS,ciencias,15,13,
PARANA,MATINHOS,educacaofisica,42,21,5
PARANA,MATINHOS,geografia,15,8,1
PARANA,MEDIANEIRA,quimica,14,5,
PARANA,PALOTINA,biologia,18,26,14
PARANA,PARANAGUA,biologia,56,54,4
PARANA,PARANAGUA,historia,10,14,
PARANA,PARANAGUA,linguaportuguesa,42,16,
PARANA,PARANAGUA,matematica,10,4,
PARANA,PARANAGUA,pedagogia,94,21,
PARANA,PARANAVAI,biologia,37,29,
PARANA,PARANAVAI,educacaofisica,35,21,1
PARANA,PARANAVAI,geografia,8,3,
PARANA,PARANAVAI,historia,15,11,
PARANA,PARANAVAI,linguaportuguesa,18,16,
PARANA,PARANAVAI,matematica,7,4,2
PARANA,PARANAVAI,pedagogia,60,16,1
PARANA,PATO BRANCO,linguaportuguesa,48,48,5
PARANA,PATO BRANCO,matematica,30,25,6
PARANA,PATO BRANCO,quimica,19,18,1
PARANA,PONTA GROSSA,biologia,96,58,2
PARANA,PRUDENTOPOLIS,pedagogia,21,1,
PARANA,REALEZA,biologia,29,21,
PARANA,REALEZA,fisica,2,1,2
PARANA,REALEZA,linguaportuguesa,21,13,1
PARANA,REALEZA,quimica,13,3,1
PARANA,SANTA HELENA,biologia,19,15,
PARANA,TOLEDO,filosofia,25,15,2
PARANA,TOLEDO,matematica,19,19,3
PARANA,TOLEDO,quimica,18,30,5
PARANA,TOLEDO,sociologia,17,30,
PARANA,UNIAO DA VITORIA,biologia,16,26,1
PARANA,UNIAO DA VITORIA,filosofia,6,7,1
PARANA,UNIAO DA VITORIA,geografia,13,9,
PARANA,UNIAO DA VITORIA,historia,9,17,
PARANA,UNIAO DA VITORIA,linguaportuguesa,30,16,1
PARANA,UNIAO DA VITORIA,matematica,8,13,
PARANA,UNIAO DA VITORIA,pedagogia,26,15,
PARANA,UNIAO DA VITORIA,quimica,8,10,
PERNAMBUCO,CARUARU,fisica,86,152,60
PERNAMBUCO,CARUARU,matematica,147,201,140
PERNAMBUCO,CARUARU,pedagogia,799,314,56
PERNAMBUCO,CARUARU,quimica,158,171,38
PERNAMBUCO,FLORESTA,quimica,71,9,1
PERNAMBUCO,GARANHUNS,biologia,132,108,9
PERNAMBUCO,GARANHUNS,geografia,133,91,
PERNAMBUCO,GARANHUNS,historia,141,118,6
PERNAMBUCO,GARANHUNS,linguaportuguesa,398,319,55
PERNAMBUCO,GARANHUNS,matematica,79,105,16
PERNAMBUCO,GARANHUNS,pedagogia,703,388,30
PERNAMBUCO,NAZARE DA MATA,biologia,236,147,3
PERNAMBUCO,NAZARE DA MATA,geografia,179,73,1
PERNAMBUCO,NAZARE DA MATA,historia,146,98,4
PERNAMBUCO,NAZARE DA MATA,linguaportuguesa,155,144,12
PERNAMBUCO,NAZARE DA MATA,matematica,84,121,5
PERNAMBUCO,NAZARE DA MATA,pedagogia,313,105,3
PERNAMBUCO,OURICURI,matematica,51,39,3
PERNAMBUCO,PESQUEIRA,fisica,78,23,
PERNAMBUCO,PESQUEIRA,matematica,76,45,3
PERNAMBUCO,PETROLINA,biologia,394,288,61
PERNAMBUCO,PETROLINA,educacaofisica,671,339,63
PERNAMBUCO,PETROLINA,fisica,65,40,4
PERNAMBUCO,PETROLINA,geografia,131,51,1
PERNAMBUCO,PETROLINA,historia,168,124,7
PERNAMBUCO,PETROLINA,linguaportuguesa,172,162,11
PERNAMBUCO,PETROLINA,matematica,70,68,14
PERNAMBUCO,PETROLINA,pedagogia,374,131,
PERNAMBUCO,PETROLINA,quimica,101,28,4
PERNAMBUCO,RECIFE,artes,147,281,167
PERNAMBUCO,RECIFE,biologia,1491,1437,289
PERNAMBUCO,RECIFE,educacaofisica,2873,1838,94
PERNAMBUCO,RECIFE,filosofia,190,187,13
PERNAMBUCO,RECIFE,fisica,83,151,83
PERNAMBUCO,RECIFE,geografia,332,513,53
PERNAMBUCO,RECIFE,historia,344,545,215
PERNAMBUCO,RECIFE,linguaportuguesa,758,917,213
PERNAMBUCO,RECIFE,matematica,230,406,159
PERNAMBUCO,RECIFE,pedagogia,1913,1266,83
PERNAMBUCO,RECIFE,quimica,297,336,30
PERNAMBUCO,RECIFE,sociologia,359,549,108
PERNAMBUCO,SALGUEIRO,fisica,57,18,1
PERNAMBUCO,SERRA TALHADA,biologia,133,107,18
PERNAMBUCO,SERRA TALHADA,fisica,68,29,4
PERNAMBUCO,SERRA TALHADA,linguaportuguesa,227,159,25
PERNAMBUCO,SERRA TALHADA,quimica,107,58,8
PERNAMBUCO,VITORIA DE SANTO ANTAO,biologia,115,213,74
PERNAMBUCO,VITORIA DE SANTO ANTAO,educacaofisica,359,448,61
PIAUI,BOM JESUS,biologia,189,33,
PIAUI,CAMPO MAIOR,geografia,236,42,1
PIAUI,CAMPO MAIOR,historia,263,62,1
PIAUI,CORRENTE,biologia,225,22,
PIAUI,CORRENTE,pedagogia,248,23,1
PIAUI,FLORIANO,biologia,254,68,1
PIAUI,FLORIANO,educacaofisica,540,57,
PIAUI,FLORIANO,linguaportuguesa,340,46,1
PIAUI,FLORIANO,pedagogia,389,55,
PIAUI,OEIRAS,historia,204,26,
PIAUI,OEIRAS,linguaportuguesa,194,23,1
PIAUI,OEIRAS,matematica,106,21,1
PIAUI,PARNAIBA,biologia,586,182,6
PIAUI,PARNAIBA,filosofia,217,35,1
PIAUI,PARNAIBA,historia,285,119,6
PIAUI,PARNAIBA,linguaportuguesa,194,90,5
PIAUI,PARNAIBA,matematica,118,89,9
PIAUI,PARNAIBA,pedagogia,853,232,2
PIAUI,PARNAIBA,sociologia,188,40,
PIAUI,PICOS,biologia,481,71,2
PIAUI,PICOS,educacaofisica,359,65,3
PIAUI,PICOS,historia,163,72,
PIAUI,PICOS,linguaportuguesa,204,52,1
PIAUI,PICOS,matematica,91,78,3
PIAUI,PICOS,pedagogia,519,92,
PIAUI,PIRIPIRI,pedagogia,415,129,1
PIAUI,SAO RAIMUNDO NONATO,biologia,108,14,
PIAUI,SAO RAIMUNDO NONATO,historia,110,28,1
PIAUI,SAO RAIMUNDO NONATO,pedagogia,173,23,
PIAUI,SAO RAIMUNDO NONATO,quimica,95,28,
PIAUI,TERESINA,biologia,721,464,26
PIAUI,TERESINA,educacaofisica,1528,490,20
PIAUI,TERESINA,filosofia,165,77,3
PIAUI,TERESINA,fisica,372,198,21
PIAUI,TERESINA,geografia,632,233,3
PIAUI,TERESINA,historia,339,307,22
PIAUI,TERESINA,linguaportuguesa,1093,717,41
PIAUI,TERESINA,matematica,360,355,55
PIAUI,TERESINA,pedagogia,1672,539,9
PIAUI,TERESINA,quimica,307,229,14
PIAUI,TERESINA,sociologia,443,166,10
RIO DE JANEIRO,ANGRA DOS REIS,geografia,81,44,
RIO DE JANEIRO,ANGRA DOS REIS,pedagogia,125,74,6
RIO DE JANEIRO,CABO FRIO,biologia,114,92,20
RIO DE JANEIRO,CABO FRIO,fisica,13,25,2
RIO DE JANEIRO,CABO FRIO,quimica,28,47,3
RIO DE JANEIRO,CAMPOS DOS GOYTACAZES,biologia,203,340,54
RIO DE JANEIRO,CAMPOS DOS GOYTACAZES,educacaofisica,257,89,4
RIO DE JANEIRO,CAMPOS DOS GOYTACAZES,fisica,,5,5
RIO DE JANEIRO,CAMPOS DOS GOYTACAZES,geografia,157,154,10
RIO DE JANEIRO,CAMPOS DOS GOYTACAZES,historia,96,156,70
RIO DE JANEIRO,CAMPOS DOS GOYTACAZES,linguaportuguesa,69,81,12
RIO DE JANEIRO,CAMPOS DOS GOYTACAZES,matematica,48,55,7
RIO DE JANEIRO,CAMPOS DOS GOYTACAZES,pedagogia,352,161,4
RIO DE JANEIRO,CAMPOS DOS GOYTACAZES,quimica,57,57,6
RIO DE JANEIRO,CAMPOS DOS GOYTACAZES,sociologia,103,187,22
RIO DE JANEIRO,DUQUE DE CAXIAS,biologia,199,166,91
RIO DE JANEIRO,DUQUE DE CAXIAS,quimica,160,103,3
RIO DE JANEIRO,ITAPERUNA,quimica,24,19,3
RIO DE JANEIRO,MACAE,biologia,100,154,113
RIO DE JANEIRO,MACAE,historia,104,97,16
RIO DE JANEIRO,MACAE,quimica,28,60,23
RIO DE JANEIRO,NILOPOLIS,fisica,85,88,8
RIO DE JANEIRO,NILOPOLIS,matematica,90,95,4
RIO DE JANEIRO,NILOPOLIS,quimica,171,183,11
RIO DE JANEIRO,NITEROI,artes,160,170,69
RIO DE JANEIRO,NITEROI,biologia,308,366,133
RIO DE JANEIRO,NITEROI,educacaofisica,528,385,34
RIO DE JANEIRO,NITEROI,filosofia,123,167,46
RIO DE JANEIRO,NITEROI,fisica,13,114,122
RIO DE JANEIRO,NITEROI,geografia,136,186,45
RIO DE JANEIRO,NITEROI,historia,362,450,184
RIO DE JANEIRO,NITEROI,linguaportuguesa,105,420,164
RIO DE JANEIRO,NITEROI,matematica,101,199,108
RIO DE JANEIRO,NITEROI,pedagogia,490,411,95
RIO DE JANEIRO,NITEROI,quimica,86,112,45
RIO DE JANEIRO,NITEROI,sociologia,124,346,158
RIO DE JANEIRO,NOVA FRIBURGO,fisica,4,38,8
RIO DE JANEIRO,NOVA IGUACU,historia,216,197,70
RIO DE JANEIRO,NOVA IGUACU,linguaportuguesa,219,232,58
RIO DE JANEIRO,NOVA IGUACU,pedagogia,507,297,51
RIO DE JANEIRO,PARACAMBI,matematica,95,40,
RIO DE JANEIRO,PETROPOLIS,fisica,15,26,5
RIO DE JANEIRO,PETROPOLIS,matematica,11,36,3
RIO DE JANEIRO,PINHEIRAL,biologia,61,64,3
RIO DE JANEIRO,RIO DE JANEIRO,artes,575,864,479
RIO DE JANEIRO,RIO DE JANEIRO,biologia,1492,1746,1145
RIO DE JANEIRO,RIO DE JANEIRO,educacaofisica,2095,1754,625
RIO DE JANEIRO,RIO DE JANEIRO,filosofia,342,457,119
RIO DE JANEIRO,RIO DE JANEIRO,fisica,106,205,195
RIO DE JANEIRO,RIO DE JANEIRO,geografia,191,301,85
RIO DE JANEIRO,RIO DE JANEIRO,historia,646,933,484
RIO DE JANEIRO,RIO DE JANEIRO,linguaportuguesa,759,1368,744
RIO DE JANEIRO,RIO DE JANEIRO,matematica,157,333,248
RIO DE JANEIRO,RIO DE JANEIRO,pedagogia,1742,1441,402
RIO DE JANEIRO,RIO DE JANEIRO,quimica,67,111,65
RIO DE JANEIRO,RIO DE JANEIRO,sociologia,457,627,306
RIO DE JANEIRO,SANTO ANTONIO DE PADUA,fisica,42,18,2
RIO DE JANEIRO,SANTO ANTONIO DE PADUA,matematica,70,40,4
RIO DE JANEIRO,SANTO ANTONIO DE PADUA,pedagogia,103,101,3
RIO DE JANEIRO,SEROPEDICA,biologia,114,180,96
RIO DE JANEIRO,SEROPEDICA,educacaofisica,433,379,86
RIO DE JANEIRO,SEROPEDICA,filosofia,71,114,12
RIO DE JANEIRO,SEROPEDICA,fisica,80,84,8
RIO DE JANEIRO,SEROPEDICA,linguaportuguesa,124,195,63
RIO DE JANEIRO,SEROPEDICA,pedagogia,244,162,33
RIO DE JANEIRO,SEROPEDICA,sociologia,66,121,31
RIO DE JANEIRO,VOLTA REDONDA,fisica,63,76,12
RIO DE JANEIRO,VOLTA REDONDA,matematica,75,74,21
RIO DE JANEIRO,VOLTA REDONDA,quimica,61,86,22
RIO GRANDE DO NORTE,ACU,geografia,108,28,1
RIO GRANDE DO NORTE,ACU,historia,118,52,7
RIO GRANDE DO NORTE,ACU,linguaportuguesa,122,99,23
RIO GRANDE DO NORTE,ACU,pedagogia,205,76,6
RIO GRANDE DO NORTE,ANGICOS,pedagogia,178,69,2
RIO GRANDE DO NORTE,APODI,quimica,69,4,
RIO GRANDE DO NORTE,CAICO,filosofia,68,44,6
RIO GRANDE DO NORTE,CAICO,fisica,66,26,1
RIO GRANDE DO NORTE,CAICO,geografia,188,126,45
RIO GRANDE DO NORTE,CAICO,historia,172,122,80
RIO GRANDE DO NORTE,CAICO,matematica,57,34,37
RIO GRANDE DO NORTE,CAICO,pedagogia,184,110,59
RIO GRANDE DO NORTE,CARAUBAS,linguaportuguesa,314,105,4
RIO GRANDE DO NORTE,CEARA-MIRIM,matematica,99,26,
RIO GRANDE DO NORTE,CURRAIS NOVOS,linguaportuguesa,212,107,57
RIO GRANDE DO NORTE,CURRAIS NOVOS,quimica,90,20,
RIO GRANDE DO NORTE,IPANGUACU,quimica,40,6,
RIO GRANDE DO NORTE,JOAO CAMARA,fisica,93,7,1
RIO GRANDE DO NORTE,MOSSORO,biologia,90,158,60
RIO GRANDE DO NORTE,MOSSORO,educacaofisica,504,284,68
RIO GRANDE DO NORTE,MOSSORO,filosofia,69,59,14
RIO GRANDE DO NORTE,MOSSORO,fisica,22,26,4
RIO GRANDE DO NORTE,MOSSORO,geografia,65,69,13
RIO GRANDE DO NORTE,MOSSORO,historia,127,145,55
RIO GRANDE DO NORTE,MOSSORO,linguaportuguesa,353,305,79
RIO GRANDE DO NORTE,MOSSORO,matematica,89,66,28
RIO GRANDE DO NORTE,MOSSORO,pedagogia,520,310,64
RIO GRANDE DO NORTE,MOSSORO,quimica,45,47,3
RIO GRANDE DO NORTE,MOSSORO,sociologia,141,96,10
RIO GRANDE DO NORTE,NATAL,artes,117,136,21
RIO GRANDE DO NORTE,NATAL,biologia,379,478,70
RIO GRANDE DO NORTE,NATAL,educacaofisica,891,459,38
RIO GRANDE DO NORTE,NATAL,filosofia,134,172,22
RIO GRANDE DO NORTE,NATAL,fisica,198,176,48
RIO GRANDE DO NORTE,NATAL,geografia,357,301,10
RIO GRANDE DO NORTE,NATAL,historia,292,365,52
RIO GRANDE DO NORTE,NATAL,linguaportuguesa,664,663,84
RIO GRANDE DO NORTE,NATAL,matematica,224,282,44
RIO GRANDE DO NORTE,NATAL,pedagogia,1088,672,27
RIO GRANDE DO NORTE,NATAL,quimica,161,272,23
RIO GRANDE DO NORTE,NATAL,sociologia,170,245,14
RIO GRANDE DO NORTE,PATU,linguaportuguesa,120,62,3
RIO GRANDE DO NORTE,PATU,matematica,72,27,3
RIO GRANDE DO NORTE,PATU,pedagogia,199,86,13
RIO GRANDE DO NORTE,PAU DOS FERROS,educacaofisica,340,154,21
RIO GRANDE DO NORTE,PAU DOS FERROS,geografia,143,75,7
RIO GRANDE DO NORTE,PAU DOS FERROS,linguaportuguesa,325,239,41
RIO GRANDE DO NORTE,PAU DOS FERROS,pedagogia,298,152,28
RIO GRANDE DO NORTE,PAU DOS FERROS,quimica,48,25,1
RIO GRANDE DO NORTE,SANTA CRUZ,fisica,57,17,
RIO GRANDE DO NORTE,SANTA CRUZ,matematica,58,29,2
RIO GRANDE DO NORTE,SAO PAULO DO POTENGI,matematica,65,10,
RIO GRANDE DO SUL,ALEGRETE,linguaportuguesa,33,17,2
RIO GRANDE DO SUL,ALEGRETE,pedagogia,35,19,1
RIO GRANDE DO SUL,BAGE,fisica,7,7,
RIO GRANDE DO SUL,BAGE,linguaportuguesa,54,42,6
RIO GRANDE DO SUL,BAGE,matematica,19,14,1
RIO GRANDE DO SUL,BAGE,pedagogia,59,29,2
RIO GRANDE DO SUL,BAGE,quimica,14,10,
RIO GRANDE DO SUL,CACAPAVA DO SUL,linguaportuguesa,18,10,2
RIO GRANDE DO SUL,CAPAO DO LEAO,biologia,72,131,6
RIO GRANDE DO SUL,CAPAO DO LEAO,fisica,10,6,2
RIO GRANDE DO SUL,CAPAO DO LEAO,matematica,10,3,
RIO GRANDE DO SUL,CAPAO DO LEAO,quimica,46,51,6
RIO GRANDE DO SUL,CERRO LARGO,biologia,32,15,2
RIO GRANDE DO SUL,CERRO LARGO,fisica,6,5,
RIO GRANDE DO SUL,CERRO LARGO,linguaportuguesa,17,12,1
RIO GRANDE DO SUL,CERRO LARGO,matematica,11,14,
RIO GRANDE DO SUL,CERRO LARGO,quimica,6,7,
RIO GRANDE DO SUL,CRUZ ALTA,pedagogia,33,22,2
RIO GRANDE DO SUL,DOM PEDRITO,linguaportuguesa,19,15,1
RIO GRANDE DO SUL,ERECHIM,biologia,31,35,
RIO GRANDE DO SUL,ERECHIM,filosofia,6,8,2
RIO GRANDE DO SUL,ERECHIM,geografia,12,8,
RIO GRANDE DO SUL,ERECHIM,historia,15,31,3
RIO GRANDE DO SUL,ERECHIM,pedagogia,64,21,4
RIO GRANDE DO SUL,ERECHIM,sociologia,16,8,
RIO GRANDE DO SUL,IMBE,biologia,12,37,7
RIO GRANDE DO SUL,ITAQUI,matematica,11,4,
RIO GRANDE DO SUL,JAGUARAO,historia,19,11,
RIO GRANDE DO SUL,JAGUARAO,linguaportuguesa,24,15,2
RIO GRANDE DO SUL,JAGUARAO,pedagogia,38,11,
RIO GRANDE DO SUL,OSORIO,biologia,76,60,1
RIO GRANDE DO SUL,OSORIO,pedagogia,101,66,5
RIO GRANDE DO SUL,PALMEIRA DAS MISSOES,biologia,57,46,2
RIO GRANDE DO SUL,PELOTAS,artes,131,175,20
RIO GRANDE DO SUL,PELOTAS,biologia,23,12,
RIO GRANDE DO SUL,PELOTAS,educacaofisica,455,263,16
RIO GRANDE DO SUL,PELOTAS,filosofia,78,47,3
RIO GRANDE DO SUL,PELOTAS,fisica,25,14,8
RIO GRANDE DO SUL,PELOTAS,geografia,132,43,
RIO GRANDE DO SUL,PELOTAS,historia,123,153,12
RIO GRANDE DO SUL,PELOTAS,linguaportuguesa,225,160,18
RIO GRANDE DO SUL,PELOTAS,matematica,44,25,1
RIO GRANDE DO SUL,PELOTAS,pedagogia,218,84,2
RIO GRANDE DO SUL,PELOTAS,quimica,14,10,
RIO GRANDE DO SUL,PELOTAS,sociologia,98,71,8
RIO GRANDE DO SUL,PORTO ALEGRE,artes,199,335,123
RIO GRANDE DO SUL,PORTO ALEGRE,biologia,44,201,59
RIO GRANDE DO SUL,PORTO ALEGRE,educacaofisica,119,275,50
RIO GRANDE DO SUL,PORTO ALEGRE,filosofia,22,78,14
RIO GRANDE DO SUL,PORTO ALEGRE,fisica,17,67,35
RIO GRANDE DO SUL,PORTO ALEGRE,geografia,13,66,7
RIO GRANDE DO SUL,PORTO ALEGRE,historia,35,198,60
RIO GRANDE DO SUL,PORTO ALEGRE,linguaportuguesa,249,415,111
RIO GRANDE DO SUL,PORTO ALEGRE,matematica,23,100,46
RIO GRANDE DO SUL,PORTO ALEGRE,pedagogia,84,178,14
RIO GRANDE DO SUL,PORTO ALEGRE,quimica,25,83,25
RIO GRANDE DO SUL,PORTO ALEGRE,sociologia,178,960,503
RIO GRANDE DO SUL,RIO GRANDE,artes,70,100,13
RIO GRANDE DO SUL,RIO GRANDE,biologia,108,124,27
RIO GRANDE DO SUL,RIO GRANDE,educacaofisica,248,124,13
RIO GRANDE DO SUL,RIO GRANDE,fisica,38,17,4
RIO GRANDE DO SUL,RIO GRANDE,geografia,101,27,3
RIO GRANDE DO SUL,RIO GRANDE,historia,69,77,18
RIO GRANDE DO SUL,RIO GRANDE,linguaportuguesa,260,113,21
RIO GRANDE DO SUL,RIO GRANDE,matematica,43,22,4
RIO GRANDE DO SUL,RIO GRANDE,pedagogia,251,113,10
RIO GRANDE DO SUL,RIO GRANDE,quimica,56,38,3
RIO GRANDE DO SUL,SANT'ANA DO LIVRAMENTO,linguaportuguesa,29,20,2
RIO GRANDE DO SUL,SANTA MARIA,artes,43,138,60
RIO GRANDE DO SUL,SANTA MARIA,biologia,38,122,41
RIO GRANDE DO SUL,SANTA MARIA,educacaofisica,305,309,40
RIO GRANDE DO SUL,SANTA MARIA,filosofia,82,71,7
RIO GRANDE DO SUL,SANTA MARIA,fisica,22,42,18
RIO GRANDE DO SUL,SANTA MARIA,geografia,79,40,2
RIO GRANDE DO SUL,SANTA MARIA,historia,47,118,29
RIO GRANDE DO SUL,SANTA MARIA,linguaportuguesa,83,108,57
RIO GRANDE DO SUL,SANTA MARIA,matematica,16,58,17
RIO GRANDE DO SUL,SANTA MARIA,pedagogia,305,126,6
RIO GRANDE DO SUL,SANTA MARIA,quimica,23,61,12
RIO GRANDE DO SUL,SANTA MARIA,sociologia,101,114,22
RIO GRANDE DO SUL,SAO BORJA,sociologia,38,43,1
RIO GRANDE DO SUL,SAO GABRIEL,biologia,35,28,
RIO GRANDE DO SUL,SAO LOURENCO DO SUL,linguaportuguesa,13,6,
RIO GRANDE DO SUL,SAO LUIZ GONZAGA,pedagogia,34,9,1
RIO GRANDE DO SUL,TRAMANDAI,geografia,3,8,3
RIO GRANDE DO SUL,URUGUAIANA,educacaofisica,220,76,3
RORAIMA,BOA VISTA,artes,40,22,
RORAIMA,BOA VISTA,biologia,132,82,4
RORAIMA,BOA VISTA,educacaofisica,113,30,1
RORAIMA,BOA VISTA,fisica,30,9,
RORAIMA,BOA VISTA,geografia,48,16,
RORAIMA,BOA VISTA,historia,41,35,3
RORAIMA,BOA VISTA,linguaportuguesa,127,41,1
RORAIMA,BOA VISTA,matematica,97,17,1
RORAIMA,BOA VISTA,pedagogia,107,31,
RORAIMA,BOA VISTA,quimica,37,9,
RORAIMA,BOA VISTA,sociologia,42,16,
SANTA CATARINA,ABELARDO LUZ,pedagogia,30,3,
SANTA CATARINA,ARAQUARI,quimica,12,14,
SANTA CATARINA,ARARANGUA,fisica,19,13,
SANTA CATARINA,BLUMENAU,matematica,38,39,20
SANTA CATARINA,BLUMENAU,pedagogia,114,47,2
SANTA CATARINA,BLUMENAU,quimica,25,37,26
SANTA CATARINA,BRUSQUE,quimica,36,24,2
SANTA CATARINA,CAMBORIU,matematica,24,22,3
SANTA CATARINA,CAMBORIU,pedagogia,98,35,
SANTA CATARINA,CHAPECO,filosofia,31,18,1
SANTA CATARINA,CHAPECO,geografia,33,16,2
SANTA CATARINA,CHAPECO,historia,38,63,6
SANTA CATARINA,CHAPECO,linguaportuguesa,32,16,1
SANTA CATARINA,CHAPECO,matematica,20,25,7
SANTA CATARINA,CHAPECO,pedagogia,79,29,3
SANTA CATARINA,CHAPECO,sociologia,33,32,
SANTA CATARINA,CONCORDIA,fisica,2,5,2
SANTA CATARINA,CONCORDIA,matematica,13,12,2
SANTA CATARINA,CRICIUMA,quimica,35,20,4
SANTA CATARINA,FLORIANOPOLIS,artes,150,238,65
SANTA CATARINA,FLORIANOPOLIS,biologia,188,294,144
SANTA CATARINA,FLORIANOPOLIS,educacaofisica,473,452,123
SANTA CATARINA,FLORIANOPOLIS,filosofia,32,74,24
SANTA CATARINA,FLORIANOPOLIS,fisica,17,66,30
SANTA CATARINA,FLORIANOPOLIS,geografia,50,85,20
SANTA CATARINA,FLORIANOPOLIS,historia,110,170,77
SANTA CATARINA,FLORIANOPOLIS,linguaportuguesa,267,291,98
SANTA CATARINA,FLORIANOPOLIS,matematica,21,66,49
SANTA CATARINA,FLORIANOPOLIS,pedagogia,230,196,35
SANTA CATARINA,FLORIANOPOLIS,quimica,18,74,46
SANTA CATARINA,FLORIANOPOLIS,sociologia,52,107,41
SANTA CATARINA,JARAGUA DO SUL,fisica,18,12,1
SANTA CATARINA,JOINVILLE,fisica,7,20,3
SANTA CATARINA,JOINVILLE,matematica,18,29,2
SANTA CATARINA,JOINVILLE,quimica,18,27,3
SANTA CATARINA,LAGUNA,biologia,159,188,43
SANTA CATARINA,PALHOCA,pedagogia,50,34,3
SANTA CATARINA,RIO DO SUL,fisica,8,6,2
SANTA CATARINA,RIO DO SUL,matematica,13,9,2
SANTA CATARINA,RIO DO SUL,pedagogia,36,11,
SANTA CATARINA,SAO JOSE,quimica,26,18,5
SANTA CATARINA,SOMBRIO,matematica,17,9,
SANTA CATARINA,VIDEIRA,pedagogia,31,6,
SAO PAULO,ARARAQUARA,matematica,58,86,7
SAO PAULO,ARARAS,biologia,69,133,55
SAO PAULO,ARARAS,fisica,21,65,25
SAO PAULO,ARARAS,quimica,28,83,41
SAO PAULO,AVARE,biologia,75,86,6
SAO PAULO,AVARE,linguaportuguesa,53,52,5
SAO PAULO,BARRETOS,biologia,65,104,4
SAO PAULO,BARRETOS,quimica,43,37,3
SAO PAULO,BIRIGUI,fisica,16,21,
SAO PAULO,BIRIGUI,matematica,23,22,2
SAO PAULO,BRAGANCA PAULISTA,matematica,33,50,2
SAO PAULO,BURI,biologia,44,124,69
SAO PAULO,CAMPINAS,quimica,141,175,20
SAO PAULO,CAMPOS DO JORDAO,matematica,20,23,2
SAO PAULO,CAMPOS DO JORDAO,pedagogia,113,88,3
SAO PAULO,CAPIVARI,quimica,24,18,1
SAO PAULO,CARAGUATATUBA,fisica,25,26,
SAO PAULO,CARAGUATATUBA,matematica,31,29,
SAO PAULO,CATANDUVA,quimica,37,23,2
SAO PAULO,CUBATAO,linguaportuguesa,97,79,2
SAO PAULO,CUBATAO,matematica,47,49,4
SAO PAULO,DIADEMA,ciencias,458,584,43
SAO PAULO,DIADEMA,quimica,25,204,145
SAO PAULO,GUARULHOS,filosofia,182,536,213
SAO PAULO,GUARULHOS,historia,69,652,335
SAO PAULO,GUARULHOS,linguaportuguesa,111,868,449
SAO PAULO,GUARULHOS,matematica,106,123,16
SAO PAULO,GUARULHOS,pedagogia,1024,1079,134
SAO PAULO,GUARULHOS,sociologia,244,877,395
SAO PAULO,HORTOLANDIA,matematica,55,82,6
SAO PAULO,ITAPETININGA,fisica,29,21,2
SAO PAULO,ITAPETININGA,matematica,32,39,1
SAO PAULO,ITAQUAQUECETUBA,linguaportuguesa,179,159,3
SAO PAULO,ITAQUAQUECETUBA,matematica,98,100,2
SAO PAULO,JACAREI,pedagogia,167,130,9
SAO PAULO,MATAO,quimica,33,26,1
SAO PAULO,PIRACICABA,fisica,44,65,4
SAO PAULO,PRESIDENTE EPITACIO,pedagogia,103,66,2
SAO PAULO,REGISTRO,fisica,33,15,
SAO PAULO,REGISTRO,pedagogia,113,74,
SAO PAULO,SALTO,linguaportuguesa,58,74,5
SAO PAULO,SALTO,matematica,25,28,4
SAO PAULO,SANTOS,educacaofisica,368,551,112
SAO PAULO,SAO CARLOS,biologia,163,334,255
SAO PAULO,SAO CARLOS,educacaofisica,663,643,106
SAO PAULO,SAO CARLOS,filosofia,90,137,53
SAO PAULO,SAO CARLOS,fisica,49,144,174
SAO PAULO,SAO CARLOS,linguaportuguesa,134,290,86
SAO PAULO,SAO CARLOS,matematica,72,190,207
SAO PAULO,SAO CARLOS,pedagogia,407,486,145
SAO PAULO,SAO CARLOS,quimica,79,273,190
SAO PAULO,SAO CARLOS,sociologia,118,382,196
SAO PAULO,SAO JOSE DOS CAMPOS,matematica,65,68,14
SAO PAULO,SAO JOSE DOS CAMPOS,quimica,72,85,10
SAO PAULO,SAO PAULO,biologia,739,599,125
SAO PAULO,SAO PAULO,fisica,125,226,73
SAO PAULO,SAO PAULO,geografia,353,599,189
SAO PAULO,SAO PAULO,linguaportuguesa,1074,1066,113
SAO PAULO,SAO PAULO,matematica,206,211,66
SAO PAULO,SAO PAULO,quimica,213,308,55
SAO PAULO,SAO ROQUE,biologia,73,106,11
SAO PAULO,SERTAOZINHO,linguaportuguesa,119,96,14
SAO PAULO,SERTAOZINHO,quimica,62,53,7
SAO PAULO,SOROCABA,biologia,226,522,263
SAO PAULO,SOROCABA,fisica,10,63,21
SAO PAULO,SOROCABA,geografia,50,127,67
SAO PAULO,SOROCABA,matematica,21,82,35
SAO PAULO,SOROCABA,pedagogia,426,526,66
SAO PAULO,SOROCABA,quimica,40,80,25
SAO PAULO,SUZANO,quimica,108,125,5
SAO PAULO,VOTUPORANGA,fisica,23,19,1
SERGIPE,ARACAJU,matematica,38,46,1
SERGIPE,ARACAJU,quimica,62,36,1
SERGIPE,ITABAIANA,biologia,67,124,11
SERGIPE,ITABAIANA,fisica,73,35,2
SERGIPE,ITABAIANA,geografia,81,96,5
SERGIPE,ITABAIANA,linguaportuguesa,65,124,18
SERGIPE,ITABAIANA,matematica,45,63,5
SERGIPE,ITABAIANA,pedagogia,140,210,20
SERGIPE,ITABAIANA,quimica,83,35,1
SERGIPE,LAGARTO,fisica,26,12,1
SERGIPE,SAO CRISTOVAO,artes,50,134,29
SERGIPE,SAO CRISTOVAO,biologia,170,359,152
SERGIPE,SAO CRISTOVAO,educacaofisica,675,559,29
SERGIPE,SAO CRISTOVAO,filosofia,42,100,26
SERGIPE,SAO CRISTOVAO,fisica,219,198,18
SERGIPE,SAO CRISTOVAO,geografia,152,308,24
SERGIPE,SAO CRISTOVAO,historia,199,374,91
SERGIPE,SAO CRISTOVAO,linguaportuguesa,373,934,179
SERGIPE,SAO CRISTOVAO,matematica,107,230,37
SERGIPE,SAO CRISTOVAO,pedagogia,324,404,64
SERGIPE,SAO CRISTOVAO,quimica,126,170,16
SERGIPE,SAO CRISTOVAO,sociologia,53,120,17
